{"initial_reset_timestamp": 1601575050.5308173, "timestamps": [1601575050.5995338, 1601575050.715346, 1601575050.800391], "episode_lengths": [6, 25, 6], "episode_rewards": [0.946, 0.775, 0.946], "episode_types": ["t", "t", "t"]}