{"initial_reset_timestamp": 1601574909.5799057, "timestamps": [1601574909.7413785, 1601574909.9108906, 1601574910.1175208], "episode_lengths": [34, 28, 44], "episode_rewards": [0.8785714285714286, 0.9, 0.8428571428571429], "episode_types": ["t", "t", "t"]}