{"problem_1-1": 0.887499988079071, "problem_2-1": 2, "problem_2-2": 0.81378, "problem_2-3": 1}